{"lr": 0.008, "train_loss": 1.6846957206726074, "train_acc": 0.3623693287372589, "_runtime": 360, "_timestamp": 1630340494, "_step": 27, "val_loss": 1.8034071922302246, "val_acc": 0.36090001463890076}