{"lr": 0.01, "train_loss": 1.6882202625274658, "train_acc": 0.3623693287372589, "_runtime": 132, "_timestamp": 1630345119, "_step": 9, "val_loss": 1.7176543474197388, "val_acc": 0.36090001463890076}