{"lr": 0.0032768000000000007, "train_loss": 1.6829105615615845, "train_acc": 0.3623693287372589, "_runtime": 1293, "_timestamp": 1630322323, "_step": 99, "val_loss": 1.6966838836669922, "val_acc": 0.36090001463890076}