{"lr": 0.01, "train_loss": 1.6901297569274902, "train_acc": 0.3623693287372589, "_runtime": 101, "_timestamp": 1630344973, "_step": 6, "val_loss": 1.877037763595581, "val_acc": 0.18199999630451202}