{"lr": 0.0020480000000000003, "train_loss": 0.14533178508281708, "train_acc": 0.95814448595047, "_runtime": 9441, "_timestamp": 1631045038, "_step": 999, "val_loss": 2.89915132522583, "val_acc": 0.35429999232292175}