{"lr": 0.0008, "train_loss": 0.005551601760089397, "train_acc": 0.998606264591217, "_runtime": 1293, "_timestamp": 1630344582, "_step": 99, "val_loss": 3.107008457183838, "val_acc": 0.4404999911785126}