{"lr": 0.0032768000000000007, "train_loss": 1.6824467182159424, "train_acc": 0.3623693287372589, "_runtime": 1260, "_timestamp": 1630325384, "_step": 99, "val_loss": 1.69483482837677, "val_acc": 0.36090001463890076}