{"lr": 0.001, "train_loss": 0.04906453564763069, "train_acc": 0.9844192266464233, "_runtime": 2645, "_timestamp": 1630468919, "_step": 199, "val_loss": 2.376185417175293, "val_acc": 0.3628999888896942}