{"lr": 0.00064, "train_loss": 0.015432150103151798, "train_acc": 0.9962818622589111, "_runtime": 13151, "_timestamp": 1630432137, "_step": 999, "val_loss": 3.801920175552368, "val_acc": 0.39329999685287476}