{"lr": 0.001, "train_loss": 0.27419209480285645, "train_acc": 0.913582444190979, "_runtime": 85, "_timestamp": 1630414835, "_step": 5, "val_loss": 1.599753499031067, "val_acc": 0.600600004196167}