{"lr": 0.0032, "train_loss": 1.6923704147338867, "train_acc": 0.33576148748397827, "_runtime": 33809, "_timestamp": 1631242556, "_step": 2632, "val_loss": 2.1841328144073486, "val_acc": 0.2410999983549118}