{"lr": 0.0064, "train_loss": 1.6831597089767456, "train_acc": 0.3623693287372589, "_runtime": 1292, "_timestamp": 1630339822, "_step": 99, "val_loss": 1.7447893619537354, "val_acc": 0.36090001463890076}