{"lr": 0.0004096000000000001, "train_loss": 0.012395959347486496, "train_acc": 0.9966898560523987, "_runtime": 5069, "_timestamp": 1630350225, "_step": 399, "val_loss": 3.2033772468566895, "val_acc": 0.45489999651908875}