{"lr": 25600.0, "train_loss": 52149648.0, "train_acc": 0.127003476023674, "_runtime": 1266, "_timestamp": 1630334359, "_step": 99, "val_loss": 4537686.5, "val_acc": 0.048500001430511475}