{"lr": 0.001, "train_loss": 1.1681650876998901, "train_acc": 0.5832133889198303, "_runtime": 31, "_timestamp": 1631243417, "_step": 0}