{"lr": 0.0004096000000000001, "train_loss": 0.003508911468088627, "train_acc": 1.0, "_runtime": 9689, "_timestamp": 1631078485, "_step": 999, "val_loss": 2.9567081928253174, "val_acc": 0.46320000290870667}