{"lr": 0.0004096000000000001, "train_loss": 1.6835743188858032, "train_acc": 0.3623693287372589, "_runtime": 1294, "_timestamp": 1630299750, "_step": 99, "val_loss": 1.7299388647079468, "val_acc": 0.36090001463890076}