{"lr": 0.0004096000000000001, "train_loss": 0.01300299633294344, "train_acc": 0.9973340034484863, "_runtime": 4893, "_timestamp": 1631034892, "_step": 499, "val_loss": 3.0256593227386475, "val_acc": 0.42899999022483826}