{"lr": 0.0008, "train_loss": 1.6829266548156738, "train_acc": 0.3623693287372589, "_runtime": 1173, "_timestamp": 1630341732, "_step": 91, "val_loss": 1.9480396509170532, "val_acc": 0.058400001376867294}