{"lr": 0.00064, "train_loss": 0.01702990010380745, "train_acc": 0.9959163069725037, "_runtime": 7922, "_timestamp": 1631205998, "_step": 599, "val_loss": 2.7085070610046387, "val_acc": 0.3682999908924103}