{"lr": 0.0005120000000000001, "train_loss": 0.013259677216410637, "train_acc": 0.9973437190055847, "_runtime": 3220, "_timestamp": 1630418118, "_step": 241, "val_loss": 1.7701860666275024, "val_acc": 0.6721000075340271}