{"lr": 25600.0, "train_loss": 6045.78125, "train_acc": 0.19581881165504456, "_runtime": 1249, "_timestamp": 1630332819, "_step": 99, "val_loss": 2051.7958984375, "val_acc": 0.13650000095367432}