{"lr": 0.001, "train_loss": 0.35553377866744995, "train_acc": 0.887550950050354, "_runtime": 61, "_timestamp": 1630412762, "_step": 3, "val_loss": 2.384849786758423, "val_acc": 0.51419997215271}