{"lr": 0.004096000000000001, "train_loss": 1.6827704906463623, "train_acc": 0.3623693287372589, "_runtime": 1287, "_timestamp": 1630303921, "_step": 99, "val_loss": 1.6942977905273438, "val_acc": 0.36090001463890076}