{"lr": 2560.0, "train_loss": 1640549711872.0, "train_acc": 0.12317072600126266, "_runtime": 1102, "_timestamp": 1630336823, "_step": 83, "val_loss": 97503526912.0, "val_acc": 0.36090001463890076}