{"lr": 0.01, "train_loss": 1.7983478307724, "train_acc": 0.3379790782928467, "_runtime": 32, "_timestamp": 1630344832, "_step": 1, "val_loss": 1.9625157117843628, "val_acc": 0.17659999430179596}