{"lr": 2560.0, "train_loss": 9296.44921875, "train_acc": 0.1721254289150238, "_runtime": 1279, "_timestamp": 1630338160, "_step": 99, "val_loss": 1704.8936767578125, "val_acc": 0.36090001463890076}