{"lr": 0.0004096000000000001, "train_loss": 0.022755594924092293, "train_acc": 0.9928570985794067, "_runtime": 1755, "_timestamp": 1630306163, "_step": 99, "val_loss": 0.07279696315526962, "val_acc": 0.9739000201225281}