{"lr": 0.00013421772800000008, "train_loss": 0.0033724396489560604, "train_acc": 1.0, "_runtime": 19468, "_timestamp": 1631099898, "_step": 1999, "val_loss": 2.7676820755004883, "val_acc": 0.5443000197410583}