{"lr": 0.00064, "train_loss": 0.039176709949970245, "train_acc": 0.9874224066734314, "_runtime": 7817, "_timestamp": 1631254244, "_step": 599, "val_loss": 5.758466720581055, "val_acc": 0.20000000298023224}